{"lr_bi": 0.0005151212831720828, "lr_bu": 0.0009288888065908822, "lr_pu": 0.009868712726952077, "lr_qi": 0.023835406402101852, "lr_yj": 0.00015168489156722396, "n_epochs": 181, "n_factors": 87, "reg_bi": 0.0003976840617776604, "reg_bu": 0.005246827975729171, "reg_pu": 0.00956582556158568, "reg_qi": 0.0312118125180339, "reg_yj": 0.08246206940085145, "algo": "svdpp", "rmse": 0.29431712433251966}