{"lr_bi": 0.0026091015953433926, "lr_bu": 0.0005280929964239043, "lr_pu": 0.01314852295352534, "lr_qi": 0.027761447092886575, "n_epochs": 110, "n_factors": 79, "reg_bi": 0.003163318480771626, "reg_bu": 0.09706485078334093, "reg_pu": 0.001501289759229521, "reg_qi": 0.03204258644534104, "algo": "svd", "rmse": 0.29440298406293547}